Workbook
Name Slicer_Property_Location: #N/A

Sheet units
A1: id | B1: property_id | C1: name | D1: size | E1: Property name | F1: Property Location
A2: 1 | B2: 1 | C2: A-101 | D2: 75 | E2: =VLOOKUP(B2, properties!A:B, 2, FALSE) -> NSSF Towers | F2: =VLOOKUP(VLOOKUP(B2, properties!A:C, 3, FALSE), locations!A:B, 2, FALSE) -> Nairobi Cbd
A3: 2 | B3: 1 | C3: A-102 | D3: 80.5 | E3: =VLOOKUP(B3, properties!A:B, 2, FALSE) -> NSSF Towers | F3: =VLOOKUP(VLOOKUP(B3, properties!A:C, 3, FALSE), locations!A:B, 2, FALSE) -> Nairobi Cbd
A4: 3 | B4: 1 | C4: B-201 | D4: 65 | E4: =VLOOKUP(B4, properties!A:B, 2, FALSE) -> NSSF Towers | F4: =VLOOKUP(VLOOKUP(B4, properties!A:C, 3, FALSE), locations!A:B, 2, FALSE) -> Nairobi Cbd
A5: 4 | B5: 1 | C5: B-202 | D5: 92 | E5: =VLOOKUP(B5, properties!A:B, 2, FALSE) -> NSSF Towers | F5: =VLOOKUP(VLOOKUP(B5, properties!A:C, 3, FALSE), locations!A:B, 2, FALSE) -> Nairobi Cbd
A6: 5 | B6: 1 | C6: C-301 | D6: 120 | E6: =VLOOKUP(B6, properties!A:B, 2, FALSE) -> NSSF Towers | F6: =VLOOKUP(VLOOKUP(B6, properties!A:C, 3, FALSE), locations!A:B, 2, FALSE) -> Nairobi Cbd
A7: 6 | B7: 2 | C7: DC-1A | D7: 55 | E7: =VLOOKUP(B7, properties!A:B, 2, FALSE) -> Delta Corner | F7: =VLOOKUP(VLOOKUP(B7, properties!A:C, 3, FALSE), locations!A:B, 2, FALSE) -> Westlands
A8: 7 | B8: 2 | C8: DC-1B | D8: 60 | E8: =VLOOKUP(B8, properties!A:B, 2, FALSE) -> Delta Corner | F8: =VLOOKUP(VLOOKUP(B8, properties!A:C, 3, FALSE), locations!A:B, 2, FALSE) -> Westlands
A9: 8 | B9: 2 | C9: DC-2A | D9: 85 | E9: =VLOOKUP(B9, properties!A:B, 2, FALSE) -> Delta Corner | F9: =VLOOKUP(VLOOKUP(B9, properties!A:C, 3, FALSE), locations!A:B, 2, FALSE) -> Westlands
A10: 9 | B10: 2 | C10: DC-2B | D10: 100 | E10: =VLOOKUP(B10, properties!A:B, 2, FALSE) -> Delta Corner | F10: =VLOOKUP(VLOOKUP(B10, properties!A:C, 3, FALSE), locations!A:B, 2, FALSE) -> Westlands
A11: 10 | B11: 2 | C11: DC-3A | D11: 73.5 | E11: =VLOOKUP(B11, properties!A:B, 2, FALSE) -> Delta Corner | F11: =VLOOKUP(VLOOKUP(B11, properties!A:C, 3, FALSE), locations!A:B, 2, FALSE) -> Westlands
A12: 11 | B12: 3 | C12: JR-101 | D12: 48 | E12: =VLOOKUP(B12, properties!A:B, 2, FALSE) -> The Junction Residences | F12: =VLOOKUP(VLOOKUP(B12, properties!A:C, 3, FALSE), locations!A:B, 2, FALSE) -> Kilimani
A13: 12 | B13: 3 | C13: JR-102 | D13: 52 | E13: =VLOOKUP(B13, properties!A:B, 2, FALSE) -> The Junction Residences | F13: =VLOOKUP(VLOOKUP(B13, properties!A:C, 3, FALSE), locations!A:B, 2, FALSE) -> Kilimani
... A21: 20 | B21: 5 | C21: KH-301 | D21: 77 | E21: =VLOOKUP(B21, properties!A:B, 2, FALSE) -> Kimathi House | F21: =VLOOKUP(VLOOKUP(B21, properties!A:C, 3, FALSE), locations!A:B, 2, FALSE) -> Nairobi Cbd

Sheet tenants
A1: id | B1: name | C1: email
A2: 1 | B2: Amina Mwangi | C2: amina.mwangi@example.com
A3: 2 | B3: Brian Otieno | C3: brian.otieno@example.com
A4: 3 | B4: Carol Wanjiru | C4: carol.wanjiru@example.com
A5: 4 | B5: David Kiptoo | C5: david.kiptoo@example.com
A6: 5 | B6: Eunice Njeri | C6: eunice.njeri@example.com
A7: 6 | B7: Farah Hassan | C7: farah.hassan@example.com
A8: 7 | B8: George Ouma | C8: george.ouma@example.com
A9: 8 | B9: Hannah Achieng | C9: hannah.achieng@example.com
A10: 9 | B10: Ian Wachira | C10: ian.wachira@example.com
A11: 10 | B11: Joy Wambui | C11: joy.wambui@example.com
A12: 11 | B12: Kelvin Muli | C12: kelvin.muli@example.com
A13: 12 | B13: Lydia Chebet | C13: lydia.chebet@example.com
A14: 13 | B14: Mark Ndungu | C14: mark.ndungu@example.com
A15: 14 | B15: Naomi Nyawira
A16: 15 | B16: Oscar Owino | C16: oscar.owino@example.com

Sheet properties
A1: id | B1: name | C1: location_id
A2: 1 | B2: NSSF Towers | C2: 1
A3: 2 | B3: Delta Corner | C3: 2
A4: 3 | B4: The Junction Residences | C4: 3
A5: 4 | B5: Riverside Court | C5: 2
A6: 5 | B6: Kimathi House | C6: 1

Sheet locations
A1: id | B1: name
A2: 1 | B2: Nairobi Cbd
A3: 2 | B3: Westlands
A4: 3 | B4: Kilimani

Sheet Calculations
A1: valid_lease | B1: 1
A3: Row Labels | B3: Sum of rent_per_month | C3: Sum of arrears
A4: Kilimani | B4: 78000 | C4: 3000
A5: Nairobi Cbd | B5: 265000 | C5: 4000
A6: Westlands | B6: 183000 | C6: 21000
A7: Grand Total | B7: 526000 | C7: 28000
B18: Row Labels | C18: Sum of arrears
B19: Delta Corner | C19: 21000
B20: NSSF Towers | C20: 4000
B21: The Junction Residences | C21: 3000
B22: Grand Total | C22: 28000
A33: Property name | B33: Total units | C33: Occupied units | D33: Occupancy %
A34: NSSF Towers | B34: =COUNTIF(units!E:E, A34) -> 5 | C34: =COUNTIFS(leases!L:L, A34, leases!J:J, 1) -> 5 | D34: =C34/B34 -> 1
A35: Delta Corner | B35: =COUNTIF(units!E:E, A35) -> 5 | C35: =COUNTIFS(leases!L:L, A35, leases!J:J, 1) -> 4 | D35: =C35/B35 -> 0.8
A36: The Junction Residences | B36: =COUNTIF(units!E:E, A36) -> 4 | C36: =COUNTIFS(leases!L:L, A36, leases!J:J, 1) -> 2 | D36: =C36/B36 -> 0.5
A37: Riverside Court | B37: =COUNTIF(units!E:E, A37) -> 3 | C37: =COUNTIFS(leases!L:L, A37, leases!J:J, 1) -> 0 | D37: =C37/B37 -> 0
A38: Kimathi House | B38: =COUNTIF(units!E:E, A38) -> 3 | C38: =COUNTIFS(leases!L:L, A38, leases!J:J, 1) -> 0 | D38: =C38/B38 -> 0
B47: Row Labels | C47: Average of rent_per_month
B48: Kilimani | C48: 39000
B49: The Junction Residences | C49: 39000
B50: Nairobi Cbd | C50: 53000
B51: NSSF Towers | C51: 53000
B52: Westlands | C52: 47000
B53: Delta Corner | C53: 47000
B54: Grand Total | C54: 48166.667

Sheet Dashboard
H3: NW Realite Property Performance Dashboard

Sheet leases
A1: id | B1: unit_id | C1: tenant_id | D1: rent_per_month | E1: arrears | F1: start_date | G1: end_date | H1: annual_rent | I1: lease_duration_months | J1: valid_lease | K1: lease_status | L1: Property name | M1: Property Location
A2: 1 | B2: 1 | C2: 1 | D2: 45000 | E2: 0 | F2: 45292 | H2: 540000 | I2: 24 | J2: 1 | K2: ongoing | L2: =VLOOKUP(B2, units!A:E, 5, FALSE) -> NSSF Towers | M2: =VLOOKUP(B2, units!A:F, 6, FALSE) -> Nairobi Cbd
A3: 2 | B3: 2 | C3: 2 | D3: 55000 | E3: 5000 | F3: 45231 | G3: 45596 | H3: 660000 | I3: 12 | J3: 1 | K3: expired | L3: =VLOOKUP(B3, units!A:E, 5, FALSE) -> NSSF Towers | M3: =VLOOKUP(B3, units!A:F, 6, FALSE) -> Nairobi Cbd
A4: 3 | B4: 3 | C4: 3 | D4: 65000 | E4: -2000 | F4: 45323 | H4: 780000 | I4: 23 | J4: 1 | K4: ongoing | L4: =VLOOKUP(B4, units!A:E, 5, FALSE) -> NSSF Towers | M4: =VLOOKUP(B4, units!A:F, 6, FALSE) -> Nairobi Cbd
A5: 4 | B5: 4 | C5: 4 | D5: 30000 | E5: 1000 | F5: 45352 | H5: 360000 | I5: 22 | J5: 1 | K5: ongoing | L5: =VLOOKUP(B5, units!A:E, 5, FALSE) -> NSSF Towers | M5: =VLOOKUP(B5, units!A:F, 6, FALSE) -> Nairobi Cbd
A6: 5 | B6: 5 | C6: 3 | D6: 70000 | E6: 0 | F6: 45689 | G6: 46022 | H6: 840000 | I6: 11 | J6: 1 | K6: expired | L6: =VLOOKUP(B6, units!A:E, 5, FALSE) -> NSSF Towers | M6: =VLOOKUP(B6, units!A:F, 6, FALSE) -> Nairobi Cbd
A7: 6 | B7: 6 | C7: 5 | D7: 40000 | E7: 8000 | F7: 45458 | G7: 45822 | H7: 480000 | I7: 12 | J7: 1 | K7: expired | L7: =VLOOKUP(B7, units!A:E, 5, FALSE) -> Delta Corner | M7: =VLOOKUP(B7, units!A:F, 6, FALSE) -> Westlands
A8: 7 | B8: 7 | C8: 6 | D8: 52000 | E8: 0 | F8: 45505 | G8: 45504 | H8: 624000 | I8: 0 | J8: 0 | K8: invalid | L8: =VLOOKUP(B8, units!A:E, 5, FALSE) -> Delta Corner | M8: =VLOOKUP(B8, units!A:F, 6, FALSE) -> Westlands
A9: 8 | B9: 8 | C9: 7 | D9: 38000 | E9: 12000 | F9: 45170 | H9: 456000 | I9: 28 | J9: 1 | K9: ongoing | L9: =VLOOKUP(B9, units!A:E, 5, FALSE) -> Delta Corner | M9: =VLOOKUP(B9, units!A:F, 6, FALSE) -> Westlands
A10: 9 | B10: 9 | C10: 8 | D10: 60000 | E10: 0 | F10: 45658 | H10: 720000 | I10: 12 | J10: 1 | K10: ongoing | L10: =VLOOKUP(B10, units!A:E, 5, FALSE) -> Delta Corner | M10: =VLOOKUP(B10, units!A:F, 6, FALSE) -> Westlands
A11: 10 | B11: 10 | C11: 2 | D11: 45000 | E11: 1000 | F11: 45323 | G11: 45657 | H11: 540000 | I11: 11 | J11: 1 | K11: expired | L11: =VLOOKUP(B11, units!A:E, 5, FALSE) -> Delta Corner | M11: =VLOOKUP(B11, units!A:F, 6, FALSE) -> Westlands
A12: 11 | B12: 11 | C12: 9 | D12: 31000 | E12: 0 | F12: 45047 | G12: 45412 | H12: 372000 | I12: 12 | J12: 1 | K12: expired | L12: =VLOOKUP(B12, units!A:E, 5, FALSE) -> The Junction Residences | M12: =VLOOKUP(B12, units!A:F, 6, FALSE) -> Kilimani
A13: 12 | B13: 12 | C13: 10 | D13: 47000 | E13: 3000 | F13: 45566 | G13: 45930 | H13: 564000 | I13: 12 | J13: 1 | K13: expired | L13: =VLOOKUP(B13, units!A:E, 5, FALSE) -> The Junction Residences | M13: =VLOOKUP(B13, units!A:F, 6, FALSE) -> Kilimani
